{"train_loss": 78.45460471510887, "val_loss": 20.159188151359558, "_timestamp": 1669646669.252484, "_runtime": 71.46352005004883, "_step": 9, "_wandb": {"runtime": 70}}