{"train_loss": 84.70289295911789, "_timestamp": 1669645598, "_runtime": 73, "_step": 19, "val_loss": 22.223204731941223, "_wandb": {"runtime": 208}}