{"train_loss": 82.94261917471886, "val_loss": 21.16575264930725, "_timestamp": 1669646002, "_runtime": 71, "_step": 9, "_wandb": {"runtime": 70}}