{"train_loss": 979.6083954870701, "_timestamp": 1669645431, "_runtime": 623, "_step": 19, "val_loss": 239.6159283220768, "_wandb": {"runtime": 630}}