{"train_loss": 85.8648644387722, "val_loss": 22.163843035697937, "_timestamp": 1669646548.2774417, "_runtime": 69.94041085243225, "_step": 9, "_wandb": {"runtime": 69}}