{"train_loss": 80.34925734996796, "val_loss": 18.52736794948578, "_timestamp": 1669646886.7245705, "_runtime": 71.69210457801819, "_step": 9, "_wandb": {"runtime": 70}}